Season,Team,LG,Level,Org,W,L,ERA,G,GS,CG,SHO,HLD,SV,SVO,IP,H,R,ER,HR,NP,HB,BB,IBB,SO,AVG,WHIP,GO/AO
2016,1 team,-,College,Johns Hopkins,0,0,4.09,21,0,0,0,-,-,-,22.0,25,13,10,0,-,8,6,0,22,.284,1.41,-
2016,Johns Hopkins,CENT,NCAA,Johns Hopkins,0,0,4.09,21,0,0,0,-,-,-,22.0,25,13,10,0,-,8,6,0,22,.284,1.41,-
2017,1 team,-,College,Johns Hopkins,4,1,2.04,17,0,0,0,-,6,-,35.1,30,11,8,0,-,4,8,2,29,.223,1.08,-
2017,Johns Hopkins,CENT,NCAA,Johns Hopkins,4,1,2.04,17,0,0,0,-,6,-,35.1,30,11,8,0,-,4,8,2,29,.223,1.07,-
2017,1 team,-,Summer,Baltimore,3,2,0.95,8,4,0,0,-,1,-,38.0,25,6,4,0,-,5,9,0,29,.195,0.89,-
2017,Baltimore Dodgers,CRCL,Summer,Baltimore,3,2,0.95,8,4,0,0,-,1,-,38.0,25,6,4,0,-,5,9,0,29,.195,0.90,-
2018,1 team,-,College,Johns Hopkins,2,2,2.53,11,1,0,0,-,2,-,32.0,32,18,9,2,-,5,9,2,27,.260,1.28,-
2018,Johns Hopkins,CENT,NCAA,Johns Hopkins,2,2,2.53,11,1,0,0,-,2,-,32.0,32,18,9,2,-,5,9,2,27,.260,1.28,-
2019,1 team,-,College,Johns Hopkins,6,2,2.91,25,3,2,0,-,7,-,77.1,76,35,25,5,-,11,8,0,60,.254,1.09,-
2019,Johns Hopkins,CENT,NCAA,Johns Hopkins,6,2,2.91,25,3,2,0,-,7,-,77.1,76,35,25,5,-,11,8,0,60,.254,1.09,-
2019,1 team,-,Independent,Westside,1,0,0.00,6,0,0,0,-,-,-,6.2,4,1,0,0,-,0,1,0,6,-,0.75,-
2019,WST,USBL,Independent,Westside,1,0,0.00,6,0,0,0,-,-,-,6.2,4,1,0,0,-,0,1,0,6,-,0.75,-
2019,2 teams,-,Minors,Mets,2,0,1.33,22,0,0,0,1,4,1,20.1,17,5,3,0,191,2,5,1,24,.209,1.08,-
2019,KNG,APPY,Rk+,Mets,0,0,0.00,11,0,0,0,-,3,-,8.1,4,0,0,0,-,0,2,0,10,.129,0.72,-
2019,BRK,New York-Penn League,A-,Mets,2,0,2.25,11,0,0,0,1,1,1,12.0,13,5,3,0,191,2,3,1,14,.260,1.33,0.00
2021,3 teams,-,Minors,Mets,2,1,3.65,33,0,0,0,4,1,2,61.2,70,37,25,2,1021,9,13,1,47,.282,1.35,-
2021,BRK,High-A East,A+,Mets,2,1,3.28,24,0,0,0,3,1,2,49.1,58,30,18,1,803,5,11,1,40,.291,1.40,1.24
2021,BNG,Double-A Northeast,AA,Mets,0,0,3.72,6,0,0,0,1,-,-,9.2,5,4,4,0,158,4,1,0,6,.147,0.62,1.30
2021,SYR,Triple-A East,AAA,Mets,0,0,10.13,3,0,0,0,-,-,-,2.2,7,3,3,1,60,0,1,0,1,.466,3.00,0.75
2022,3 teams,-,Minors,Mets,5,3,4.70,33,2,0,0,4,2,3,53.2,61,34,28,6,942,5,22,1,55,.282,1.55,-
2022,BRK,South Atlantic League,A+,Mets,1,0,0.00,6,0,0,0,2,1,1,7.2,5,0,0,0,120,0,2,1,10,.178,0.91,1.60
2022,BNG,Eastern League,AA,Mets,4,2,4.99,25,0,0,0,2,1,2,39.2,49,28,22,4,698,3,18,0,38,.300,1.69,1.05
2022,SYR,International League,AAA,Mets,0,1,8.53,2,2,0,0,-,-,-,6.1,7,6,6,2,124,2,2,0,7,.280,1.42,0.57
2024,3 teams,-,Minors,Mets,1,3,3.77,38,0,0,0,5,5,7,57.1,57,31,24,3,962,10,14,2,48,.248,1.24,-
2024,BRK,South Atlantic League,A+,Mets,1,2,1.77,22,0,0,0,3,5,6,35.2,25,9,7,0,540,4,9,2,31,.190,0.95,0.97
2024,BNG,Eastern League,AA,Mets,0,1,6.30,14,0,0,0,1,-,1,20.0,27,15,14,3,383,3,5,0,17,.310,1.60,0.34
2024,SYR,International League,AAA,Mets,0,0,16.20,2,0,0,0,1,-,-,1.2,5,7,3,0,39,3,0,0,0,.454,3.00,1.00
2025,2 teams,-,Minors,Phillies,1,1,6.28,27,0,0,0,2,1,3,28.2,32,20,20,3,488,2,14,1,25,.275,1.60,-
2025,JS,South Atlantic League,A+,Phillies,1,1,7.29,21,0,0,0,-,-,2,21.0,26,17,17,3,344,0,9,0,20,.295,1.67,0.56
2025,REA,Eastern League,AA,Phillies,0,0,3.52,6,0,0,0,2,1,1,7.2,6,3,3,0,144,2,5,1,5,.214,1.43,0.89
2026,4 teams,-,Minors,Rangers/Marlins,1,0,9.22,20,0,0,0,-,-,-,27.1,40,32,28,12,541,6,19,0,23,.341,2.16,-
2026,FRI,Texas League,AA,Rangers,0,0,8.31,6,0,0,0,-,-,-,8.2,13,8,8,4,144,2,3,0,9,.342,1.85,1.29
2026,PNS,Southern League,AA,Marlins,0,0,7.36,8,0,0,0,-,-,-,11.0,19,12,9,2,229,1,6,0,9,.380,2.27,0.29
2026,JAX,International League,AAA,Marlins,1,0,10.38,4,0,0,0,-,-,-,4.1,4,6,5,2,98,2,6,0,4,.235,2.31,2.00
2026,RR,Pacific Coast League,AAA,Rangers,0,0,16.20,2,0,0,0,-,-,-,3.1,4,6,6,4,70,1,4,0,1,.333,2.40,2.50
College Career,-,-,College,-,12,5,2.81,74,4,2,0,-,15,-,166.2,163,77,52,7,-,28,31,4,138,.253,1.16,-
Summer Career,-,-,Summer,-,3,2,0.95,8,4,0,0,-,1,-,38.0,25,6,4,0,-,5,9,0,29,.195,0.89,-
Independent Career,-,-,Independent,-,1,0,0.00,6,0,0,0,-,-,-,6.2,4,1,0,0,-,0,1,0,6,-,0.75,-
Minors Career,-,-,Minors,-,12,8,4.63,173,2,0,0,16,13,16,249.0,277,159,128,26,4145,34,87,6,222,.275,1.46,-
,-,-,Rk+,-,0,0,0.00,11,0,0,0,-,3,-,8.1,4,0,0,0,-,0,2,0,10,.129,0.72,-
,-,-,A-,-,2,0,2.25,11,0,0,0,1,1,1,12.0,13,5,3,0,191,2,3,1,14,.260,1.33,-
,-,-,A+,-,5,4,3.33,73,0,0,0,8,7,11,113.2,114,56,42,4,1807,9,31,4,101,.255,1.28,-
,-,-,AA,-,4,3,5.59,65,0,0,0,6,2,4,96.2,119,70,60,13,1756,15,38,1,84,.297,1.62,-
,-,-,AAA,-,1,1,11.29,13,2,0,0,1,-,-,18.1,27,28,23,9,391,8,13,0,13,.337,2.18,-
