PitchNo,Date,Time,Pitcher,PitcherThrows,TaggedPitchType,PitchSession,RelSpeed,VertRelAngle,HorzRelAngle,SpinRate,SpinAxis,Tilt,RelHeight,RelSide,Extension,VertBreak,InducedVertBreak,HorzBreak,PlateLocHeight,PlateLocSide,ZoneSpeed,VertApprAngle,HorzApprAngle,ZoneTime
1,2026-01-09,13:37:26.73,"Hejka, Josh",Right,Sinker,Warmup,84.37504,3.170082931,-6.255799609,2573.550161,281.7525338,3:30,2.36868,4.08294,5.69956,-45.22625,-4.62667,21.54633,1.57412,0.02666,75.37191,-5.35071069,-2.200364878,0.4585980452
2,2026-01-09,13:38:02.06,"Hejka, Josh",Right,Cutter,Warmup,80.2613,2.446336238,-6.221079315,2744.085433,208.6970926,1:00,2.13712,3.94653,5.5889,-36.18495,7.95682,4.409,1.42061,-1.51718,73.35955,-4.275487249,-5.405272083,0.4781853591
3,2026-01-09,13:38:15.92,"Hejka, Josh",Right,Cutter,Warmup,80.29728,1.982871176,-2.521606161,2744.128899,183.9044006,12:15,2.00408,3.78945,5.5367,-37.42573,6.47628,0.44472,0.74088,1.46844,73.28505,-5.002512357,-2.43851917,0.4768849346
4,2026-01-09,13:38:31.54,"Hejka, Josh",Right,Four-Seam,Warmup,84.32924,2.268567482,-3.350059696,2641.308878,259.8058674,2:45,2.41873,3.81948,5.49995,-37.37846,2.888,16.47438,1.43013,2.05585,76.12557,-4.739401191,-0.2581184186,0.4567127539
5,2026-01-09,13:38:47.23,"Hejka, Josh",Right,Sinker,Warmup,84.8013,2.62004302,-6.785725799,2535.765383,306.1494228,4:15,2.34201,3.88794,5.6624,-51.35773,-11.14453,15.18759,0.52395,-1.20283,76.23433,-7.013455289,-3.941196644,0.456410617
6,2026-01-09,13:39:42.96,"Hejka, Josh",Right,Slider,Live,74.87955,3.233243201,-2.622722577,2767.144915,155.59867,11:15,2.09142,3.92751,5.20334,-32.8466,19.3027,-8.76131,2.40104,0.72937,66.94792,-2.920428432,-4.26272862,0.5197513466
7,2026-01-09,13:40:04.16,"Hejka, Josh",Right,Sinker,Live,84.25128,2.663760727,-4.447983207,2529.799261,289.0100184,3:45,2.22383,4.08872,5.6745,-47.2482,-6.7599,19.35771,0.77877,1.54738,75.57368,-6.243027841,-0.7932513284,0.4579690868
8,2026-01-09,13:40:16.56,"Hejka, Josh",Right,Slider,Live,74.53645,3.764486333,-3.048554379,2742.329564,161.6818151,11:30,1.96531,3.79499,5.22554,-39.22395,13.11327,-4.34759,2.24529,0.56442,67.05656,-3.557166049,-3.859718136,0.5206869429
9,2026-01-09,13:40:30.45,"Hejka, Josh",Right,Cutter,Live,79.03439,3.232207898,-4.370847539,2795.343263,179.5068513,12:00,2.20801,4.012,5.72336,-37.14515,8.0248,-0.06949,2.13467,-0.0722,72.10311,-3.707911867,-4.383808194,0.4837224187
10,2026-01-09,13:40:44.11,"Hejka, Josh",Right,Slider,Live,74.69657,3.925987365,-1.878663441,2798.660752,148.3859428,11:00,2.13343,3.87031,5.46912,-33.73637,18.04505,-11.09858,3.00344,1.18689,66.89796,-2.4190605,-3.965489466,0.51791484
11,2026-01-09,13:41:02.23,"Hejka, Josh",Right,Slider,Live,73.41945,4.074633324,-4.071995857,2773.691361,147.7125757,11:00,2.1291,3.5951,5.33197,-33.55534,20.53301,-12.96115,3.17144,-1.31145,65.89108,-2.20191087,-6.487934995,0.529326049
12,2026-01-09,13:41:22.63,"Hejka, Josh",Right,Four-Seam,Live,83.76038,3.112838467,-5.335285533,2557.186588,257.5664145,2:30,2.48241,3.68894,6.12976,-36.76959,3.52236,16.55543,2.3105,0.12343,75.00459,-3.869421259,-2.194519505,0.456857285
13,2026-01-09,13:41:36.71,"Hejka, Josh",Right,Cutter,Live,80.18049,2.301714757,-5.3168653,2769.881604,195.4917346,12:30,2.2566,3.73194,5.69783,-37.30811,7.02906,1.9674,1.30259,-1.07226,72.64125,-4.686227344,-4.949262191,0.4792425317
14,2026-01-09,13:41:50.94,"Hejka, Josh",Right,Sinker,Live,83.03887,3.468375047,-4.031398113,2581.79138,288.6094683,3:30,2.03808,3.8228,5.77722,-46.64624,-5.43902,15.86033,1.38964,1.3877,74.98087,-5.308819205,-1.043733508,0.4620171472
15,2026-01-09,13:42:15.91,"Hejka, Josh",Right,Slider,Live,74.65861,3.924113482,-2.81443593,2716.173613,162.351024,11:30,2.07821,3.62141,5.55882,-33.54122,18.00745,-5.73025,2.95902,0.51265,67.05968,-2.380123383,-3.890773025,0.5167495795
16,2026-01-09,13:42:45.50,"Hejka, Josh",Right,Slider,Live,74.17523,3.664819079,-4.867803857,2679.678127,155.4772524,11:15,2.07382,3.78263,5.57856,-35.38183,17.17922,-7.85008,2.56467,-1.42813,66.56212,-2.978372413,-6.336220579,0.5217992448
17,2026-01-09,13:43:11.90,"Hejka, Josh",Right,Cutter,Live,80.50454,3.215330712,-4.128933839,2828.45493,191.6560983,12:30,2.30315,3.90092,5.54311,-37.22896,6.73436,1.3994,2.21623,0.15264,73.13852,-3.734526807,-3.868008702,0.4772178265
18,2026-01-09,13:44:27.21,"Hejka, Josh",Right,Cutter,Live,80.52489,3.227145291,-4.383821241,2752.47776,209.0052027,1:00,2.1947,3.78118,5.54286,-39.53833,4.67249,2.62078,1.92745,-0.10483,72.75648,-4.17322077,-3.893873315,0.4785592578
19,2026-01-09,13:44:49.81,"Hejka, Josh",Right,Four-Seam,Live,83.65483,4.181891578,-5.707798428,2678.961802,264.1260763,2:45,2.40127,4.03638,5.61844,-39.58921,1.42782,15.32986,3.03078,-0.02986,75.35603,-3.2240455,-2.842846716,0.4609496706
20,2026-01-09,13:45:00.76,"Hejka, Josh",Right,Slider,Live,76.27737,3.755152296,-2.370755907,2826.021981,160.3167735,11:15,2.12266,3.79062,5.26867,-33.3501,16.69755,-5.97447,2.87849,1.06481,68.26334,-2.494789288,-3.490082403,0.5091705062
21,2026-01-16,14:55:18.51,"Hejka, Josh",Right,Slider,Live,73.23228,4.191279055,-3.533501916,2774.030839,144.1866823,10:45,1.98577,4.05568,5.49377,-40.59018,13.58162,-9.79326,2.53781,-0.06948,65.45417,-3.443296136,-5.372601908,0.5297342226
22,2026-01-16,14:56:41.72,"Hejka, Josh",Right,Sinker,Live,84.61801,2.998617126,-5.731774125,2505.541515,292.0331237,3:45,2.18894,3.81829,5.65082,-45.95271,-5.96097,14.51213,1.17253,-0.33544,76.4719,-5.607034348,-3.016699298,0.4551521417
23,2026-01-16,14:57:01.19,"Hejka, Josh",Right,Cutter,Live,79.24621,3.907979436,-6.007989543,2746.006407,156.3228281,11:15,1.98915,3.63842,5.36769,-39.22368,6.6974,-2.95368,2.41017,-2.26089,72.14652,-3.356315336,-6.552456116,0.4877277262
24,2026-01-16,14:57:20.12,"Hejka, Josh",Right,Cutter,Live,79.23587,4.290727402,-3.372194772,2674.113778,173.0347302,11:45,2.22251,3.78711,5.50867,-39.49747,5.7811,-0.70974,2.95751,0.57121,72.20581,-3.063365124,-3.504299843,0.4843036542
25,2026-01-16,14:57:36.26,"Hejka, Josh",Right,Slider,Live,74.77651,3.72957646,-3.34782105,2706.200687,159.6401373,11:15,1.90919,3.69364,5.08317,-35.51305,16.93507,-6.28935,2.47573,0.01076,67.07192,-2.890165608,-4.518695497,0.5212383658
26,2026-01-16,14:58:02.36,"Hejka, Josh",Right,Slider,Live,74.59025,4.856974405,-4.592527934,2801.39876,149.5107419,11:00,2.11944,3.61658,5.30365,-36.42013,15.8402,-9.3114,3.66891,-1.47922,67.30767,-1.91954836,-6.319344471,0.5203043823
27,2026-01-16,14:58:36.25,"Hejka, Josh",Right,Cutter,Live,80.07953,3.252000138,-6.443111491,,,,2.21051,3.77478,5.34888,-39.52896,5.15177,-0.54212,1.98891,-2.33848,73.51762,-4.033210261,-6.542524237,0.4810957223
28,2026-01-16,14:58:53.11,"Hejka, Josh",Right,Sinker,Live,85.44698,1.997569062,-6.270155234,2526.38987,283.0834111,3:30,2.44615,3.67815,5.54392,-42.29182,-2.96812,12.49276,0.80039,-1.16322,77.46467,-5.891121839,-3.94468969,0.4513345792
29,2026-01-16,14:59:11.51,"Hejka, Josh",Right,Cutter,Live,79.43587,2.941339989,-4.737329409,2756.80828,148.2266549,11:00,2.35771,3.76814,5.35661,-39.42025,6.13131,-3.81915,1.84263,-1.0024,72.29525,-4.380647902,-5.44506218,0.4857614435
30,2026-01-16,14:59:29.89,"Hejka, Josh",Right,Cutter,Live,79.57944,2.929458474,-1.990085614,2724.026432,165.3466707,11:30,2.07825,3.70688,5.22688,-40.86484,4.09872,-1.08025,1.43046,1.74552,73.03264,-4.631663799,-2.190167209,0.4826160513
31,2026-01-16,14:59:47.76,"Hejka, Josh",Right,Sinker,Live,84.19779,3.013408274,-5.541883638,2478.071467,285.3113625,3:30,2.28069,3.85069,5.67829,-43.1934,-2.9965,10.65957,1.50574,-0.44261,76.34501,-5.066406459,-3.550822446,0.4563180952
32,2026-01-16,15:00:07.46,"Hejka, Josh",Right,Slider,Live,76.64368,4.955677506,-4.325577736,2588.108533,168.9509553,11:45,2.00044,3.75004,5.37784,-35.22346,14.38262,-2.81046,3.73511,-0.54631,68.60071,-1.632666631,-4.850498204,0.5069193817
33,2026-01-16,15:00:41.42,"Hejka, Josh",Right,Cutter,Live,80.21548,2.02133163,-3.717751195,2736.052774,196.6869572,12:30,2.20196,3.76799,5.41446,-36.94714,7.56983,2.28526,1.02115,0.47121,72.78303,-4.872760923,-3.291393368,0.4802132761
34,2026-01-16,15:00:59.94,"Hejka, Josh",Right,Slider,Live,74.87176,4.413732502,-5.01025884,2646.858893,154.7592838,11:15,1.93654,3.8597,5.00654,-37.05235,15.96765,-7.53104,3.03878,-1.50863,66.81974,-2.482256275,-6.406587126,0.5240723746
35,2026-01-16,15:01:16.60,"Hejka, Josh",Right,Slider,Live,74.60459,5.002493596,-3.262095314,2666.078359,131.9981845,10:30,1.92514,3.82476,5.37813,-42.48677,9.82825,-10.88044,3.09305,-0.14285,66.8502,-2.954929602,-5.297563605,0.5205765437
36,2026-01-16,15:01:49.48,"Hejka, Josh",Right,Slider,Live,75.73817,4.407730201,-3.964338992,2658.81172,163.5751966,11:30,1.94607,3.95248,,-34.43914,19.87674,-5.86022,3.3489,-0.36817,67.12323,-1.890526473,-5.034053988,0.5304382201
37,2026-01-16,15:02:05.40,"Hejka, Josh",Right,Slider,Live,74.51985,4.700016555,-3.952193951,2653.687206,161.0669702,11:15,1.97295,3.86398,4.93508,-34.16091,19.50959,-6.68794,3.58853,-0.43427,66.24174,-1.667758268,-5.196554028,0.5272774777
38,2026-01-16,15:02:25.04,"Hejka, Josh",Right,Slider,Live,73.68066,3.362904146,-2.489673241,2731.810775,126.7177323,10:15,2.1456,3.87156,5.08809,-42.4401,11.50734,-15.42382,1.78467,0.23857,66.29294,-4.544951995,-5.362755968,0.5286361023
39,2026-01-16,15:02:54.04,"Hejka, Josh",Right,Cutter,Live,79.34523,4.241046727,-4.843920352,,,,2.31571,3.68474,5.49334,-39.59093,5.97745,-0.94333,3.00462,-0.93521,71.94518,-3.134709278,-5.019267326,0.4858510868
40,2026-01-16,15:03:13.11,"Hejka, Josh",Right,Slider,Live,74.8975,4.171004361,-2.213890924,2730.052816,149.5171833,11:00,2.08634,3.6482,5.25609,-33.4163,18.85117,-11.08272,3.22992,0.64379,66.64867,-2.107175567,-4.294896052,0.5203399273
41,2026-01-16,15:03:26.93,"Hejka, Josh",Right,Slider,Live,74.88501,3.862108257,-2.445638824,2687.014719,150.4321977,11:00,2.11767,3.61858,5.40787,-34.34942,17.62965,-9.99656,2.882,0.49309,66.66401,-2.609661991,-4.327757812,0.5189023453
42,2026-01-16,15:03:58.57,"Hejka, Josh",Right,Sinker,Live,84.06334,3.313966802,-5.316956964,2563.238682,285.4110053,3:30,2.47296,3.6527,5.71195,-43.53314,-3.26291,11.5213,1.94891,-0.35412,76.16847,-4.838120942,-3.161779802,0.4567341367
