PitchNo,Date,Time,Pitcher,PitcherThrows,VideoTimestamp,TaggedPitchType,PitchSession,RelSpeed,VertRelAngle,HorzRelAngle,SpinRate,SpinAxis,Tilt,RelHeight,RelSide,Extension,VertBreak,InducedVertBreak,HorzBreak,PlateLocHeight,PlateLocSide,ZoneSpeed,VertApprAngle,HorzApprAngle,ZoneTime
1,2026-01-24,13:10:23.38,"Hejka, Josh",Right,0.00,Sinker,Live,85.24167,3.518058778,-7.458451648,2643.134122,289.8148662,3:45,2.3224,4.28769,5.4149,-45.69973,-5.42092,14.72261,1.84164,-1.51125,76.4017,-5.005307653,-4.723518404,0.4567827826
2,2026-01-24,13:10:43.24,"Hejka, Josh",Right,2.27,Cutter,Live,81.94543,2.349761062,-5.700883783,2632.585073,232.4200357,1:45,1.89049,4.35646,5.66527,-35.40376,6.39721,8.43762,1.14298,-0.27294,75.46445,-4.217805225,-4.139780086,0.4653337741
3,2026-01-24,13:11:00.22,"Hejka, Josh",Right,6.13,Sinker,Live,84.30327,2.844081648,-6.243733742,2594.610928,271.6259832,3:00,1.97718,4.42428,5.29258,-41.03699,-0.54652,15.23508,1.24561,-0.19108,76.85903,-4.747515982,-3.431667636,0.4579813839
4,2026-01-24,13:11:20.20,"Hejka, Josh",Right,10.07,Cutter,Live,81.07472,2.623555407,-5.572014873,2648.054277,209.7988741,1:00,1.88414,4.34497,5.59551,-34.68917,8.10083,4.68882,1.45585,-0.48232,74.72627,-3.799357611,-4.706442282,0.4708066524
5,2026-01-24,13:11:38.12,"Hejka, Josh",Right,14.21,Cutter,Live,80.34415,2.61665099,-4.353474194,2691.596305,222.673719,1:30,1.88835,4.43103,5.43881,-39.08782,5.16114,4.81649,1.08967,0.7486,73.13438,-4.660914265,-3.457432523,0.4787656024
,,,,,18.24,Slider,,,,,,,,,,,,,,,,,,,
6,2026-01-24,13:12:27.02,"Hejka, Josh",Right,22.09,Cutter,Live,80.29273,3.257092233,-4.426859009,1431.390259,207.731551,1:00,1.86283,4.57376,5.3144,-38.06632,6.52804,3.46418,1.75961,0.6999,72.94533,-3.816058969,-3.784011508,0.4806305327
,,,,,26.15,Slider,,,,,,,,,,,,,,,,,,,
7,2026-01-24,13:13:02.71,"Hejka, Josh",Right,29.28,Cutter,Live,81.21124,2.346660776,-3.730282577,2696.550141,178.8714029,12:00,2.04642,4.47891,5.37313,-36.11744,7.01699,-0.13912,1.24229,0.96561,74.3421,-4.354806378,-3.75607755,0.4726976452
8,2026-01-24,13:13:23.12,"Hejka, Josh",Right,33.19,Cutter,Live,81.83271,3.242514586,-5.739466296,2802.240646,215.3400133,1:15,2.17115,4.4036,5.35597,-37.6926,5.08986,3.66169,2.08919,-0.69121,74.78289,-3.730840888,-5.064217131,0.4707651087
,,,,,37.08,Slider,,,,,,,,,,,,,,,,,,,
9,2026-01-24,13:14:02.38,"Hejka, Josh",Right,41.02,Fastball,Live,83.41581,4.237399532,-6.511233795,2443.629908,259.9017377,2:45,2.06738,4.30293,5.54248,-39.50666,1.70284,10.2775,2.76775,-0.95131,75.72108,-3.101168706,-4.607759104,0.4620299061
,,,,,44.16,Slider,,,,,,,,,,,,,,,,,,,
10,2026-01-24,13:14:37.74,"Hejka, Josh",Right,48.08,Cutter,Live,80.69506,4.243255095,-4.468177712,2707.667513,162.5919785,11:30,2.30392,4.36837,5.38508,-36.47221,7.58782,-2.38695,3.26073,-0.02658,73.3806,-2.530349833,-4.910578095,0.4777423914
11,2026-01-24,13:15:01.07,"Hejka, Josh",Right,51.25,Fastball,Live,85.06664,4.395543307,-6.723545155,2680.06148,224.3977354,1:30,2.75283,4.30118,5.37835,-30.68598,9.10705,9.06576,4.35233,-1.27445,77.38452,-1.270332356,-5.054428823,0.4540199617
12,2026-01-24,13:15:18.20,"Hejka, Josh",Right,55.18,Slider,Live,76.51619,3.517201197,-5.660931938,2763.229804,155.9998698,11:15,1.92074,4.30576,5.1344,-36.26329,13.59585,-6.07363,2.23088,-1.54792,69.34519,-3.192544146,-6.779359232,0.5082106917
13,2026-01-24,13:15:44.42,"Hejka, Josh",Right,58.28,Cutter,Live,81.49025,3.529641287,-5.195487842,2749.344649,163.7471298,11:30,2.13449,4.36204,5.39402,-34.81711,8.59915,-2.51893,2.55831,-0.7296,73.83176,-2.948894866,-5.662585218,0.4742393956
,,,,,63.05,Slider,,,,,,,,,,,,,,,,,,,
14,2026-01-24,13:16:46.92,"Hejka, Josh",Right,66.23,Cutter,Live,80.64577,2.925179207,-3.800052402,,,,2.11317,4.49569,5.26554,-37.97868,6.5517,0.43204,1.70427,0.95716,72.77787,-4.157624507,-3.719541445,0.480285644
15,2026-01-24,13:17:06.26,"Hejka, Josh",Right,70.24,Slider,Live,75.70175,5.092041436,-5.733365989,2689.291828,151.3468757,11:00,1.89451,4.34201,5.28526,-39.09993,12.29551,-6.7164,3.45399,-1.61897,67.69996,-2.198924755,-6.979976735,0.5159809677
16,2026-01-24,13:17:23.32,"Hejka, Josh",Right,75.05,Fastball,Live,84.05155,3.232752224,-5.671815763,2581.577617,230.1607396,1:45,2.36604,4.5933,5.60777,-31.40373,8.95044,10.8768,2.78427,0.18882,76.21542,-2.626442875,-3.646938483,0.457209874
17,2026-01-24,13:17:58.29,"Hejka, Josh",Right,79.01,Fastball,Live,84.71246,3.945178621,-6.248680799,1289.223555,249.0022297,2:15,2.49825,4.33161,5.66385,-36.38837,3.18966,8.59517,3.17191,-0.80113,77.21382,-2.820575374,-4.655386073,0.4527917181
18,2026-01-24,13:18:13.64,"Hejka, Josh",Right,82.12,Cutter,Live,81.54587,3.242850787,-2.883152419,2783.269455,194.3509782,12:30,2.3134,4.37332,4.9755,-38.04609,5.30249,1.3664,2.2124,1.76222,74.62806,-3.767425121,-2.631356729,0.4738696248
,,,,,85.21,Cutter,,,,,,,,,,,,,,,,,,,
19,2026-01-24,13:18:59.72,"Hejka, Josh",Right,88.12,Fastball,Live,83.53115,3.585966931,-5.672660086,2554.547122,252.3135839,2:30,2.26838,4.36218,5.64006,-37.6931,2.82054,9.15595,2.49291,-0.18328,76.43797,-3.417216783,-3.97532642,0.4581124138
20,2026-01-24,13:19:16.11,"Hejka, Josh",Right,92.23,Slider,Live,75.88109,4.474300286,-4.149108611,2765.704834,143.2322413,10:45,1.95499,4.48013,5.08459,-41.70941,8.6859,-6.49143,2.71563,0.02207,69.07189,-3.228126547,-5.345558376,0.5109359552